ESTADO;ACCIÓN;;;;;;;;;;;;;;;;;;;;;;;;;;;;;;;;;;;;;;;;;;;;IR A;;;;;;;;;;;;;;;;;;;;;;;;;;;;;;;;;;;;;;;;;;;;
;";";ident;const;int;double;bool;string;[  ];(;);void;,;class;{;};:;interface;if;else;while;for;return;break;Console;.;Writeline;=;==;&&;<;<=;+;*;%;-;!;this;New;intConstant;doubleConstant;boolConstant;dtringConstant;null;$;S';Program;Decl;VariableDecl;Variable;ConstDecl;ConstType;Type;Type';Type'';FunctiondDecl;Formals;Formals';ClassDecl;CladdDecl_P;CladdDecl_R;CladdDecl_O;CladdDecl_Q;Field;InterfaceDecl;InterfaceDecl';Prototype;StmtBlock;StmtBlock';StmtBlock'';StmtBloclk''';Stmt;Stmt';IfStmt;IfStmt';WhileStmt;ForStmt;ReturnStmt;BreakStmt;PrintStmt;PrintStmt';Expr;ExprOr;ExprOr';ExprAnd;ExprAnd';ExprEquals;ExprEquals';ExprComp;ExprComp'
0;;d19;d11;d15;d16;d17;d18;;;;d10;;d12;;;;d13;;;;;;;;;;;;;;;;;;;;;;;;;;;;;1;2;3;8;5;;9;14;;4;;;6;;;;;;7;;;;;;;;;;;;;;;;;;;;;;;;;
1;;;;;;;;;;;;;;;;;;;;;;;;;;;;;;;;;;;;;;;;;;;;acc;;;;;;;;;;;;;;;;;;;;;;;;;;;;;;;;;;;;;;;;;;;;;
2;;d19;d11;d15;d16;d17;d18;;;;d10;;d12;;;;d13;;;;;;;;;;;;;;;;;;;;;;;;;;;r2;;20;2;3;8;5;;9;14;;4;;;6;;;;;;7;;;;;;;;;;;;;;;;;;;;;;;;;
3;;r3;r3;r3;r3;r3;r3;;;;r3;;r3;;;;r3;;;;;;;;;;;;;;;;;;;;;;;;;;;r3;;;;;;;;;;;;;;;;;;;;;;;;;;;;;;;;;;;;;;;;;;;;;
4;;r4;r4;r4;r4;r4;r4;;;;r4;;r4;;;;r4;;;;;;;;;;;;;;;;;;;;;;;;;;;r4;;;;;;;;;;;;;;;;;;;;;;;;;;;;;;;;;;;;;;;;;;;;;
5;;r5;r5;r5;r5;r5;r5;;;;r5;;r5;;;;r5;;;;;;;;;;;;;;;;;;;;;;;;;;;r5;;;;;;;;;;;;;;;;;;;;;;;;;;;;;;;;;;;;;;;;;;;;;
6;;r6;r6;r6;r6;r6;r6;;;;r6;;r6;;;;r6;;;;;;;;;;;;;;;;;;;;;;;;;;;r6;;;;;;;;;;;;;;;;;;;;;;;;;;;;;;;;;;;;;;;;;;;;;
7;;r7;r7;r7;r7;r7;r7;;;;r7;;r7;;;;r7;;;;;;;;;;;;;;;;;;;;;;;;;;;r7;;;;;;;;;;;;;;;;;;;;;;;;;;;;;;;;;;;;;;;;;;;;;
8;d21;;;;;;;;;;;;;;;;;;;;;;;;;;;;;;;;;;;;;;;;;;;;;;;;;;;;;;;;;;;;;;;;;;;;;;;;;;;;;;;;;;;;;;;;
9;;d22;;;;;;;;;;;;;;;;;;;;;;;;;;;;;;;;;;;;;;;;;;;;;;;;;;;;;;;;;;;;;;;;;;;;;;;;;;;;;;;;;;;;;;;
10;;d23;;;;;;;;;;;;;;;;;;;;;;;;;;;;;;;;;;;;;;;;;;;;;;;;;;;;;;;;;;;;;;;;;;;;;;;;;;;;;;;;;;;;;;;
11;;;;d25;d26;d27;d28;;;;;;;;;;;;;;;;;;;;;;;;;;;;;;;;;;;;;;;;;;;;24;;;;;;;;;;;;;;;;;;;;;;;;;;;;;;;;;;;;;;
12;;d29;;;;;;;;;;;;;;;;;;;;;;;;;;;;;;;;;;;;;;;;;;;;;;;;;;;;;;;;;;;;;;;;;;;;;;;;;;;;;;;;;;;;;;;
13;;d30;;;;;;;;;;;;;;;;;;;;;;;;;;;;;;;;;;;;;;;;;;;;;;;;;;;;;;;;;;;;;;;;;;;;;;;;;;;;;;;;;;;;;;;
14;;r22;;;;;;d32;;;;;;;;;;;;;;;;;;;;;;;;;;;;;;;;;;;;;;;;;;;;;;31;;;;;;;;;;;;;;;;;;;;;;;;;;;;;;;;;;;
15;;r16;;;;;;r16;;;;;;;;;;;;;;;;;;;;;;;;;;;;;;;;;;;;;;;;;;;;;;;;;;;;;;;;;;;;;;;;;;;;;;;;;;;;;;;;;
16;;r17;;;;;;r17;;;;;;;;;;;;;;;;;;;;;;;;;;;;;;;;;;;;;;;;;;;;;;;;;;;;;;;;;;;;;;;;;;;;;;;;;;;;;;;;;
17;;r18;;;;;;r18;;;;;;;;;;;;;;;;;;;;;;;;;;;;;;;;;;;;;;;;;;;;;;;;;;;;;;;;;;;;;;;;;;;;;;;;;;;;;;;;;
18;;r19;;;;;;r19;;;;;;;;;;;;;;;;;;;;;;;;;;;;;;;;;;;;;;;;;;;;;;;;;;;;;;;;;;;;;;;;;;;;;;;;;;;;;;;;;
19;;r20;;;;;;r20;;;;;;;;;;;;;;;;;;;;;;;;;;;;;;;;;;;;;;;;;;;;;;;;;;;;;;;;;;;;;;;;;;;;;;;;;;;;;;;;;
20;;;;;;;;;;;;;;;;;;;;;;;;;;;;;;;;;;;;;;;;;;;;r1;;;;;;;;;;;;;;;;;;;;;;;;;;;;;;;;;;;;;;;;;;;;;
21;r8;r8;r8;r8;r8;r8;r8;;r8;;r8;;r8;r8;r8;;r8;r8;r8;r8;r8;r8;r8;r8;;;;;;;;;;;r8;r8;r8;r8;r8;r8;r8;r8;r8;r8;;;;;;;;;;;;;;;;;;;;;;;;;;;;;;;;;;;;;;;;;;;;;
22;r9;;;;;;;;d33;r9;;r9;;;;;;;;;;;;;;;;;;;;;;;;;;;;;;;;;;;;;;;;;;;;;;;;;;;;;;;;;;;;;;;;;;;;;;;;;;;;;
23;;;;;;;;;d34;;;;;;;;;;;;;;;;;;;;;;;;;;;;;;;;;;;;;;;;;;;;;;;;;;;;;;;;;;;;;;;;;;;;;;;;;;;;;;;;
24;;d35;;;;;;;;;;;;;;;;;;;;;;;;;;;;;;;;;;;;;;;;;;;;;;;;;;;;;;;;;;;;;;;;;;;;;;;;;;;;;;;;;;;;;;;
25;;r11;;;;;;;;;;;;;;;;;;;;;;;;;;;;;;;;;;;;;;;;;;;;;;;;;;;;;;;;;;;;;;;;;;;;;;;;;;;;;;;;;;;;;;;
26;;r12;;;;;;;;;;;;;;;;;;;;;;;;;;;;;;;;;;;;;;;;;;;;;;;;;;;;;;;;;;;;;;;;;;;;;;;;;;;;;;;;;;;;;;;
27;;r13;;;;;;;;;;;;;;;;;;;;;;;;;;;;;;;;;;;;;;;;;;;;;;;;;;;;;;;;;;;;;;;;;;;;;;;;;;;;;;;;;;;;;;;
28;;r14;;;;;;;;;;;;;;;;;;;;;;;;;;;;;;;;;;;;;;;;;;;;;;;;;;;;;;;;;;;;;;;;;;;;;;;;;;;;;;;;;;;;;;;
29;;;;;;;;;;;;;;r30;;d37;;;;;;;;;;;;;;;;;;;;;;;;;;;;;;;;;;;;;;;;;;;36;;;;;;;;;;;;;;;;;;;;;;;;;;;;;;
30;;;;;;;;;;;;;;d38;;;;;;;;;;;;;;;;;;;;;;;;;;;;;;;;;;;;;;;;;;;;;;;;;;;;;;;;;;;;;;;;;;;;;;;;;;;
31;;r15;;;;;;;;;;;;;;;;;;;;;;;;;;;;;;;;;;;;;;;;;;;;;;;;;;;;;;;;;;;;;;;;;;;;;;;;;;;;;;;;;;;;;;;
32;;r21;;;;;;;;;;;;;;;;;;;;;;;;;;;;;;;;;;;;;;;;;;;;;;;;;;;;;;;;;;;;;;;;;;;;;;;;;;;;;;;;;;;;;;;
33;;d19;;d15;d16;d17;d18;;;;;;;;;;;;;;;;;;;;;;;;;;;;;;;;;;;;;;;;;;40;;;41;14;;;39;;;;;;;;;;;;;;;;;;;;;;;;;;;;;;;;;
34;;d19;;d15;d16;d17;d18;;;;;;;;;;;;;;;;;;;;;;;;;;;;;;;;;;;;;;;;;;40;;;41;14;;;42;;;;;;;;;;;;;;;;;;;;;;;;;;;;;;;;;
35;d43;;;;;;;;;;;;;;;;;;;;;;;;;;;;;;;;;;;;;;;;;;;;;;;;;;;;;;;;;;;;;;;;;;;;;;;;;;;;;;;;;;;;;;;;
36;;;;;;;;;;;;;;d44;;;;;;;;;;;;;;;;;;;;;;;;;;;;;;;;;;;;;;;;;;;;;;;;;;;;;;;;;;;;;;;;;;;;;;;;;;;
37;;d45;;;;;;;;;;;;;;;;;;;;;;;;;;;;;;;;;;;;;;;;;;;;;;;;;;;;;;;;;;;;;;;;;;;;;;;;;;;;;;;;;;;;;;;
38;;d19;;d15;d16;d17;d18;;;;d49;;;;r42;;;;;;;;;;;;;;;;;;;;;;;;;;;;;;;;;;;;;48;14;;;;;;;;;;;;46;47;;;;;;;;;;;;;;;;;;;;;;;
39;;;;;;;;;;d50;;;;;;;;;;;;;;;;;;;;;;;;;;;;;;;;;;;;;;;;;;;;;;;;;;;;;;;;;;;;;;;;;;;;;;;;;;;;;;;
40;;;;;;;;;;r27;;d52;;;;;;;;;;;;;;;;;;;;;;;;;;;;;;;;;;;;;;;;;;;;;51;;;;;;;;;;;;;;;;;;;;;;;;;;;;;;;;
41;;d53;;;;;;;;;;;;;;;;;;;;;;;;;;;;;;;;;;;;;;;;;;;;;;;;;;;;;;;;;;;;;;;;;;;;;;;;;;;;;;;;;;;;;;;
42;;;;;;;;;;d54;;;;;;;;;;;;;;;;;;;;;;;;;;;;;;;;;;;;;;;;;;;;;;;;;;;;;;;;;;;;;;;;;;;;;;;;;;;;;;;
43;r10;r10;r10;r10;r10;r10;r10;;r10;;r10;;r10;r10;r10;;r10;r10;r10;r10;r10;r10;r10;r10;;;;;;;;;;;r10;r10;r10;r10;r10;r10;r10;r10;r10;r10;;;;;;;;;;;;;;;;;;;;;;;;;;;;;;;;;;;;;;;;;;;;;
44;;d19;d11;d15;d16;d17;d18;;;;d10;;;;r36;;;;;;;;;;;;;;;;;;;;;;;;;;;;;;;;;57;8;59;;9;14;;58;;;;;;;55;56;;;;;;;;;;;;;;;;;;;;;;;;;;
45;;;;;;;;;;;;d62;;r32;;;;;;;;;;;;;;;;;;;;;;;;;;;;;;;;;;;;;;;;;;;;;;60;61;;;;;;;;;;;;;;;;;;;;;;;;;;;;
46;;;;;;;;;;;;;;;d63;;;;;;;;;;;;;;;;;;;;;;;;;;;;;;;;;;;;;;;;;;;;;;;;;;;;;;;;;;;;;;;;;;;;;;;;;;
47;;d19;;d15;d16;d17;d18;;;;d49;;;;r42;;;;;;;;;;;;;;;;;;;;;;;;;;;;;;;;;;;;;48;14;;;;;;;;;;;;64;47;;;;;;;;;;;;;;;;;;;;;;;
48;;d65;;;;;;;;;;;;;;;;;;;;;;;;;;;;;;;;;;;;;;;;;;;;;;;;;;;;;;;;;;;;;;;;;;;;;;;;;;;;;;;;;;;;;;;
49;;d66;;;;;;;;;;;;;;;;;;;;;;;;;;;;;;;;;;;;;;;;;;;;;;;;;;;;;;;;;;;;;;;;;;;;;;;;;;;;;;;;;;;;;;;
50;;;;;;;;;;;;;;d68;;;;;;;;;;;;;;;;;;;;;;;;;;;;;;;;;;;;;;;;;;;;;;;;;;;;;67;;;;;;;;;;;;;;;;;;;;;;
51;;;;;;;;;;r25;;;;;;;;;;;;;;;;;;;;;;;;;;;;;;;;;;;;;;;;;;;;;;;;;;;;;;;;;;;;;;;;;;;;;;;;;;;;;;;
52;;d19;;d15;d16;d17;d18;;;;;;;;;;;;;;;;;;;;;;;;;;;;;;;;;;;;;;;;;;40;;;41;14;;;69;;;;;;;;;;;;;;;;;;;;;;;;;;;;;;;;;
53;r9;;;;;;;;;r9;;r9;;;;;;;;;;;;;;;;;;;;;;;;;;;;;;;;;;;;;;;;;;;;;;;;;;;;;;;;;;;;;;;;;;;;;;;;;;;;;
54;;;;;;;;;;;;;;d68;;;;;;;;;;;;;;;;;;;;;;;;;;;;;;;;;;;;;;;;;;;;;;;;;;;;;70;;;;;;;;;;;;;;;;;;;;;;
55;;;;;;;;;;;;;;;d71;;;;;;;;;;;;;;;;;;;;;;;;;;;;;;;;;;;;;;;;;;;;;;;;;;;;;;;;;;;;;;;;;;;;;;;;;;
56;;d19;d11;d15;d16;d17;d18;;;;d10;;;;r36;;;;;;;;;;;;;;;;;;;;;;;;;;;;;;;;;57;8;59;;9;14;;58;;;;;;;72;56;;;;;;;;;;;;;;;;;;;;;;;;;;
57;;r37;r37;r37;r37;r37;r37;;;;r37;;;;r37;;;;;;;;;;;;;;;;;;;;;;;;;;;;;;;;;;;;;;;;;;;;;;;;;;;;;;;;;;;;;;;;;;;;;;;;;;
58;;r38;r38;r38;r38;r38;r38;;;;r38;;;;r38;;;;;;;;;;;;;;;;;;;;;;;;;;;;;;;;;;;;;;;;;;;;;;;;;;;;;;;;;;;;;;;;;;;;;;;;;;
59;;r39;r39;r39;r39;r39;r39;;;;r39;;;;r39;;;;;;;;;;;;;;;;;;;;;;;;;;;;;;;;;;;;;;;;;;;;;;;;;;;;;;;;;;;;;;;;;;;;;;;;;;
60;;;;;;;;;;;;;;r29;;;;;;;;;;;;;;;;;;;;;;;;;;;;;;;;;;;;;;;;;;;;;;;;;;;;;;;;;;;;;;;;;;;;;;;;;;;
61;;;;;;;;;;;;;;r31;;;;;;;;;;;;;;;;;;;;;;;;;;;;;;;;;;;;;;;;;;;;;;;;;;;;;;;;;;;;;;;;;;;;;;;;;;;
62;;d73;;;;;;;;;;;;;;;;;;;;;;;;;;;;;;;;;;;;;;;;;;;;;;;;;;;;;;;;;;;;;;;;;;;;;;;;;;;;;;;;;;;;;;;
63;;r40;r40;r40;r40;r40;r40;;;;r40;;r40;;;;r40;;;;;;;;;;;;;;;;;;;;;;;;;;;r40;;;;;;;;;;;;;;;;;;;;;;;;;;;;;;;;;;;;;;;;;;;;;
64;;;;;;;;;;;;;;;r41;;;;;;;;;;;;;;;;;;;;;;;;;;;;;;;;;;;;;;;;;;;;;;;;;;;;;;;;;;;;;;;;;;;;;;;;;;
65;;;;;;;;;d74;;;;;;;;;;;;;;;;;;;;;;;;;;;;;;;;;;;;;;;;;;;;;;;;;;;;;;;;;;;;;;;;;;;;;;;;;;;;;;;;
66;;;;;;;;;d75;;;;;;;;;;;;;;;;;;;;;;;;;;;;;;;;;;;;;;;;;;;;;;;;;;;;;;;;;;;;;;;;;;;;;;;;;;;;;;;;
67;;r23;r23;r23;r23;r23;r23;;;;r23;;r23;;r23;;r23;;;;;;;;;;;;;;;;;;;;;;;;;;;r23;;;;;;;;;;;;;;;;;;;;;;;;;;;;;;;;;;;;;;;;;;;;;
68;r47;d19 / r47;r47;d15 / r47;d16 / r47;d17 / r47;d18 / r47;;r47;;r47;;r47;r47;r47;;r47;r47;r47;r47;r47;r47;r47;r47;;;;;;;;;;;r47;r47;r47;r47;r47;r47;r47;r47;r47;r47;;;;77;8;;;41;14;;;;;;;;;;;;;;;76;;;;;;;;;;;;;;;;;;;;;
69;;;;;;;;;;r26;;;;;;;;;;;;;;;;;;;;;;;;;;;;;;;;;;;;;;;;;;;;;;;;;;;;;;;;;;;;;;;;;;;;;;;;;;;;;;;
70;;r24;r24;r24;r24;r24;r24;;;;r24;;r24;;r24;;r24;;;;;;;;;;;;;;;;;;;;;;;;;;;r24;;;;;;;;;;;;;;;;;;;;;;;;;;;;;;;;;;;;;;;;;;;;;
71;;r28;r28;r28;r28;r28;r28;;;;r28;;r28;;;;r28;;;;;;;;;;;;;;;;;;;;;;;;;;;r28;;;;;;;;;;;;;;;;;;;;;;;;;;;;;;;;;;;;;;;;;;;;;
72;;;;;;;;;;;;;;;r35;;;;;;;;;;;;;;;;;;;;;;;;;;;;;;;;;;;;;;;;;;;;;;;;;;;;;;;;;;;;;;;;;;;;;;;;;;
73;;;;;;;;;;;;d62;;r33;;;;;;;;;;;;;;;;;;;;;;;;;;;;;;;;;;;;;;;;;;;;;;;78;;;;;;;;;;;;;;;;;;;;;;;;;;;;
74;;d19;;d15;d16;d17;d18;;;;;;;;;;;;;;;;;;;;;;;;;;;;;;;;;;;;;;;;;;40;;;41;14;;;79;;;;;;;;;;;;;;;;;;;;;;;;;;;;;;;;;
75;;d19;;d15;d16;d17;d18;;;;;;;;;;;;;;;;;;;;;;;;;;;;;;;;;;;;;;;;;;40;;;41;14;;;80;;;;;;;;;;;;;;;;;;;;;;;;;;;;;;;;;
76;r49;r49;d11 / r49;r49;r49;r49;r49;;r49;;r49;;r49;r49;r49;;r49;r49;r49;r49;r49;r49;r49;r49;;;;;;;;;;;r49;r49;r49;r49;r49;r49;r49;r49;r49;r49;;;;;;82;;;;;;;;;;;;;;;;;;;81;;;;;;;;;;;;;;;;;;;;
77;r47;d19 / r47;r47;d15 / r47;d16 / r47;d17 / r47;d18 / r47;;r47;;r47;;r47;r47;r47;;r47;r47;r47;r47;r47;r47;r47;r47;;;;;;;;;;;r47;r47;r47;r47;r47;r47;r47;r47;r47;r47;;;;77;8;;;41;14;;;;;;;;;;;;;;;83;;;;;;;;;;;;;;;;;;;;;
78;;;;;;;;;;;;;;r34;;;;;;;;;;;;;;;;;;;;;;;;;;;;;;;;;;;;;;;;;;;;;;;;;;;;;;;;;;;;;;;;;;;;;;;;;;;
79;;;;;;;;;;d84;;;;;;;;;;;;;;;;;;;;;;;;;;;;;;;;;;;;;;;;;;;;;;;;;;;;;;;;;;;;;;;;;;;;;;;;;;;;;;;
80;;;;;;;;;;d85;;;;;;;;;;;;;;;;;;;;;;;;;;;;;;;;;;;;;;;;;;;;;;;;;;;;;;;;;;;;;;;;;;;;;;;;;;;;;;;
81;r61;d103;;;;;;;d114;;;;;d68;r51;;;d96;;d97;d99;d101;d100;d102;;;;;;;;;;;d110;d111;d115;d116;d117;d118;d119;d120;d121;;;;;;;;;;;;;;;;;;;;;;;;95;;;86;87;90;88;;89;91;93;92;94;;98;104;105;106;107;108;109;112;113
82;r49;r49;d11 / r49;r49;r49;r49;r49;;r49;;r49;;r49;r49;r49;;r49;r49;r49;r49;r49;r49;r49;r49;;;;;;;;;;;r49;r49;r49;r49;r49;r49;r49;r49;r49;r49;;;;;;82;;;;;;;;;;;;;;;;;;;122;;;;;;;;;;;;;;;;;;;;
83;r46;r46;r46;r46;r46;r46;r46;;r46;;r46;;r46;r46;r46;;r46;r46;r46;r46;r46;r46;r46;r46;;;;;;;;;;;r46;r46;r46;r46;r46;r46;r46;r46;r46;r46;;;;;;;;;;;;;;;;;;;;;;;;;;;;;;;;;;;;;;;;;;;;;
84;d123;;;;;;;;;;;;;;;;;;;;;;;;;;;;;;;;;;;;;;;;;;;;;;;;;;;;;;;;;;;;;;;;;;;;;;;;;;;;;;;;;;;;;;;;
85;d124;;;;;;;;;;;;;;;;;;;;;;;;;;;;;;;;;;;;;;;;;;;;;;;;;;;;;;;;;;;;;;;;;;;;;;;;;;;;;;;;;;;;;;;;
86;;;;;;;;;;;;;;;d125;;;;;;;;;;;;;;;;;;;;;;;;;;;;;;;;;;;;;;;;;;;;;;;;;;;;;;;;;;;;;;;;;;;;;;;;;;
87;r61;d103;;;;;;;d114;;;;;d68;r51;;;d96;;d97;d99;d101;d100;d102;;;;;;;;;;;d110;d111;d115;d116;d117;d118;d119;d120;d121;;;;;;;;;;;;;;;;;;;;;;;;95;;;126;87;90;88;;89;91;93;92;94;;98;104;105;106;107;108;109;112;113
88;r52;r52;;;;;;;r52;;;;;r52;r52;;;r52;r52;r52;r52;r52;r52;r52;;;;;;;;;;;r52;r52;r52;r52;r52;r52;r52;r52;r52;;;;;;;;;;;;;;;;;;;;;;;;;;;;;;;;;;;;;;;;;;;;;;
89;r53;r53;;;;;;;r53;;;;;r53;r53;;;r53;r53;r53;r53;r53;r53;r53;;;;;;;;;;;r53;r53;r53;r53;r53;r53;r53;r53;r53;;;;;;;;;;;;;;;;;;;;;;;;;;;;;;;;;;;;;;;;;;;;;;
90;d127;;;;;;;;;;;;;;;;;;;;;;;;;;;;;;;;;;;;;;;;;;;;;;;;;;;;;;;;;;;;;;;;;;;;;;;;;;;;;;;;;;;;;;;;
91;r55;r55;;;;;;;r55;;;;;r55;r55;;;r55;r55;r55;r55;r55;r55;r55;;;;;;;;;;;r55;r55;r55;r55;r55;r55;r55;r55;r55;;;;;;;;;;;;;;;;;;;;;;;;;;;;;;;;;;;;;;;;;;;;;;
92;r56;r56;;;;;;;r56;;;;;r56;r56;;;r56;r56;r56;r56;r56;r56;r56;;;;;;;;;;;r56;r56;r56;r56;r56;r56;r56;r56;r56;;;;;;;;;;;;;;;;;;;;;;;;;;;;;;;;;;;;;;;;;;;;;;
93;r57;r57;;;;;;;r57;;;;;r57;r57;;;r57;r57;r57;r57;r57;r57;r57;;;;;;;;;;;r57;r57;r57;r57;r57;r57;r57;r57;r57;;;;;;;;;;;;;;;;;;;;;;;;;;;;;;;;;;;;;;;;;;;;;;
94;r58;r58;;;;;;;r58;;;;;r58;r58;;;r58;r58;r58;r58;r58;r58;r58;;;;;;;;;;;r58;r58;r58;r58;r58;r58;r58;r58;r58;;;;;;;;;;;;;;;;;;;;;;;;;;;;;;;;;;;;;;;;;;;;;;
95;r59;r59;;;;;;;r59;;;;;r59;r59;;;r59;r59;r59;r59;r59;r59;r59;;;;;;;;;;;r59;r59;r59;r59;r59;r59;r59;r59;r59;;;;;;;;;;;;;;;;;;;;;;;;;;;;;;;;;;;;;;;;;;;;;;
96;;;;;;;;;d128;;;;;;;;;;;;;;;;;;;;;;;;;;;;;;;;;;;;;;;;;;;;;;;;;;;;;;;;;;;;;;;;;;;;;;;;;;;;;;;;
97;;;;;;;;;d129;;;;;;;;;;;;;;;;;;;;;;;;;;;;;;;;;;;;;;;;;;;;;;;;;;;;;;;;;;;;;;;;;;;;;;;;;;;;;;;;
98;r60;;;;;;;;;;;;;;;;;;;;;;;;;;;;;;;;;;;;;;;;;;;;;;;;;;;;;;;;;;;;;;;;;;;;;;;;;;;;;;;;;;;;;;;;
99;;;;;;;;;d130;;;;;;;;;;;;;;;;;;;;;;;;;;;;;;;;;;;;;;;;;;;;;;;;;;;;;;;;;;;;;;;;;;;;;;;;;;;;;;;;
100;d131;;;;;;;;;;;;;;;;;;;;;;;;;;;;;;;;;;;;;;;;;;;;;;;;;;;;;;;;;;;;;;;;;;;;;;;;;;;;;;;;;;;;;;;;
101;;d103;;;;;;;d114;;;;;;;;;;;;;;;;;;;;;;;;;;d110;d111;d115;d116;d117;d118;d119;d120;d121;;;;;;;;;;;;;;;;;;;;;;;;;;;;;;;;;;;;;;132;104;105;106;107;108;109;112;113
102;;;;;;;;;;;;;;;;;;;;;;;;;d133;;;;;;;;;;;;;;;;;;;;;;;;;;;;;;;;;;;;;;;;;;;;;;;;;;;;;;;;;;;;;;;;
103;r94;r94;;;;;;;r94;r94;;r94;;r94;r94;;;r94;r94;r94;r94;r94;r94;r94;r94;;d134;r94;r94;r94;r94;r94;r94;r94;r94;r94;r94;r94;r94;r94;r94;r94;r94;;;;;;;;;;;;;;;;;;;;;;;;;;;;;;;;;;;;;;;;;;;;;;
104;r73;r73;;;;;;;r73;r73;;r73;;r73;r73;;;r73;r73;r73;r73;r73;r73;r73;;;;d135;;;;;;;r73;r73;r73;r73;r73;r73;r73;r73;r73;;;;;;;;;;;;;;;;;;;;;;;;;;;;;;;;;;;;;;;;;;;;;;
105;r75;r75;;;;;;;r75;r75;;r75;;r75;r75;;;r75;r75;r75;r75;r75;r75;r75;;;;r75;d136;;;;;;r75;r75;r75;r75;r75;r75;r75;r75;r75;;;;;;;;;;;;;;;;;;;;;;;;;;;;;;;;;;;;;;;;;;;;;;
106;r77;r77;;;;;;;r77;r77;;r77;;r77;r77;;;r77;r77;r77;r77;r77;r77;r77;;;;r77;r77;d137;d138;;;;r77;r77;r77;r77;r77;r77;r77;r77;r77;;;;;;;;;;;;;;;;;;;;;;;;;;;;;;;;;;;;;;;;;;;;;;
107;r80;r80;;;;;;;r80;r80;;r80;;r80;r80;;;r80;r80;r80;r80;r80;r80;r80;;;;r80;r80;r80;r80;d139;;;r80;r80;r80;r80;r80;r80;r80;r80;r80;;;;;;;;;;;;;;;;;;;;;;;;;;;;;;;;;;;;;;;;;;;;;;
108;r82;r82;;;;;;;r82;r82;;r82;;r82;r82;;;r82;r82;r82;r82;r82;r82;r82;;;;r82;r82;r82;r82;r82;d140;d141;r82;r82;r82;r82;r82;r82;r82;r82;r82;;;;;;;;;;;;;;;;;;;;;;;;;;;;;;;;;;;;;;;;;;;;;;
109;r85;r85;;;;;;;r85;r85;;r85;;r85;r85;;;r85;r85;r85;r85;r85;r85;r85;;;;r85;r85;r85;r85;r85;r85;r85;r85;r85;r85;r85;r85;r85;r85;r85;r85;;;;;;;;;;;;;;;;;;;;;;;;;;;;;;;;;;;;;;;;;;;;;;
110;;d143;;;;;;;d114;;;;;;;;;;;;;;;;;;;;;;;;;;;;d115;d116;d117;d118;d119;d120;d121;;;;;;;;;;;;;;;;;;;;;;;;;;;;;;;;;;;;;;;;;;;;;142;113
111;;d143;;;;;;;d114;;;;;;;;;;;;;;;;;;;;;;;;;;;;d115;d116;d117;d118;d119;d120;d121;;;;;;;;;;;;;;;;;;;;;;;;;;;;;;;;;;;;;;;;;;;;;144;113
112;r88;r88;;;;;;;r88;r88;;r88;;r88;r88;;;r88;r88;r88;r88;r88;r88;r88;d145;;;r88;r88;r88;r88;r88;r88;r88;r88;r88;r88;r88;r88;r88;r88;r88;r88;;;;;;;;;;;;;;;;;;;;;;;;;;;;;;;;;;;;;;;;;;;;;;
113;r91;r91;;;;;;;r91;r91;;r91;;r91;r91;;;r91;r91;r91;r91;r91;r91;r91;r91;;;r91;r91;r91;r91;r91;r91;r91;r91;r91;r91;r91;r91;r91;r91;r91;r91;;;;;;;;;;;;;;;;;;;;;;;;;;;;;;;;;;;;;;;;;;;;;;
114;;d103;;;;;;;d114;;;;;;;;;;;;;;;;;;;;;;;;;;d110;d111;d115;d116;d117;d118;d119;d120;d121;;;;;;;;;;;;;;;;;;;;;;;;;;;;;;;;;;;;;;146;104;105;106;107;108;109;112;113
115;r93;r93;;;;;;;r93;r93;;r93;;r93;r93;;;r93;r93;r93;r93;r93;r93;r93;r93;;;r93;r93;r93;r93;r93;r93;r93;r93;r93;r93;r93;r93;r93;r93;r93;r93;;;;;;;;;;;;;;;;;;;;;;;;;;;;;;;;;;;;;;;;;;;;;;
116;;;;;;;;;d147;;;;;;;;;;;;;;;;;;;;;;;;;;;;;;;;;;;;;;;;;;;;;;;;;;;;;;;;;;;;;;;;;;;;;;;;;;;;;;;;
117;r96;r96;;;;;;;r96;r96;;r96;;r96;r96;;;r96;r96;r96;r96;r96;r96;r96;r96;;;r96;r96;r96;r96;r96;r96;r96;r96;r96;r96;r96;r96;r96;r96;r96;r96;;;;;;;;;;;;;;;;;;;;;;;;;;;;;;;;;;;;;;;;;;;;;;
118;r97;r97;;;;;;;r97;r97;;r97;;r97;r97;;;r97;r97;r97;r97;r97;r97;r97;r97;;;r97;r97;r97;r97;r97;r97;r97;r97;r97;r97;r97;r97;r97;r97;r97;r97;;;;;;;;;;;;;;;;;;;;;;;;;;;;;;;;;;;;;;;;;;;;;;
119;r98;r98;;;;;;;r98;r98;;r98;;r98;r98;;;r98;r98;r98;r98;r98;r98;r98;r98;;;r98;r98;r98;r98;r98;r98;r98;r98;r98;r98;r98;r98;r98;r98;r98;r98;;;;;;;;;;;;;;;;;;;;;;;;;;;;;;;;;;;;;;;;;;;;;;
120;r99;r99;;;;;;;r99;r99;;r99;;r99;r99;;;r99;r99;r99;r99;r99;r99;r99;r99;;;r99;r99;r99;r99;r99;r99;r99;r99;r99;r99;r99;r99;r99;r99;r99;r99;;;;;;;;;;;;;;;;;;;;;;;;;;;;;;;;;;;;;;;;;;;;;;
121;r100;r100;;;;;;;r100;r100;;r100;;r100;r100;;;r100;r100;r100;r100;r100;r100;r100;r100;;;r100;r100;r100;r100;r100;r100;r100;r100;r100;r100;r100;r100;r100;r100;r100;r100;;;;;;;;;;;;;;;;;;;;;;;;;;;;;;;;;;;;;;;;;;;;;;
122;r48;r48;r48;r48;r48;r48;r48;;r48;;r48;;r48;r48;r48;;r48;r48;r48;r48;r48;r48;r48;r48;;;;;;;;;;;r48;r48;r48;r48;r48;r48;r48;r48;r48;r48;;;;;;;;;;;;;;;;;;;;;;;;;;;;;;;;;;;;;;;;;;;;;
123;;r43;;r43;r43;r43;r43;;;;r43;;;;r43;;;;;;;;;;;;;;;;;;;;;;;;;;;;;;;;;;;;;;;;;;;;;;;;;;;;;;;;;;;;;;;;;;;;;;;;;;
124;;r44;;r44;r44;r44;r44;;;;r44;;;;r44;;;;;;;;;;;;;;;;;;;;;;;;;;;;;;;;;;;;;;;;;;;;;;;;;;;;;;;;;;;;;;;;;;;;;;;;;;
125;r45;r45;r45;r45;r45;r45;r45;;r45;;r45;;r45;r45;r45;;r45;r45;r45;r45;r45;r45;r45;r45;;;;;;;;;;;r45;r45;r45;r45;r45;r45;r45;r45;r45;r45;;;;;;;;;;;;;;;;;;;;;;;;;;;;;;;;;;;;;;;;;;;;;
126;;;;;;;;;;;;;;;r50;;;;;;;;;;;;;;;;;;;;;;;;;;;;;;;;;;;;;;;;;;;;;;;;;;;;;;;;;;;;;;;;;;;;;;;;;;
127;r54;r54;;;;;;;r54;;;;;r54;r54;;;r54;r54;r54;r54;r54;r54;r54;;;;;;;;;;;r54;r54;r54;r54;r54;r54;r54;r54;r54;;;;;;;;;;;;;;;;;;;;;;;;;;;;;;;;;;;;;;;;;;;;;;
128;;d103;;;;;;;d114;;;;;;;;;;;;;;;;;;;;;;;;;;d110;d111;d115;d116;d117;d118;d119;d120;d121;;;;;;;;;;;;;;;;;;;;;;;;;;;;;;;;;;;;;;148;104;105;106;107;108;109;112;113
129;;d103;;;;;;;d114;;;;;;;;;;;;;;;;;;;;;;;;;;d110;d111;d115;d116;d117;d118;d119;d120;d121;;;;;;;;;;;;;;;;;;;;;;;;;;;;;;;;;;;;;;149;104;105;106;107;108;109;112;113
130;;d103;;;;;;;d114;;;;;;;;;;;;;;;;;;;;;;;;;;d110;d111;d115;d116;d117;d118;d119;d120;d121;;;;;;;;;;;;;;;;;;;;;;;;;;;;;;;;;;;;;;150;104;105;106;107;108;109;112;113
131;r68;r68;;;;;;;r68;;;;;r68;r68;;;r68;r68;r68;r68;r68;r68;r68;;;;;;;;;;;r68;r68;r68;r68;r68;r68;r68;r68;r68;;;;;;;;;;;;;;;;;;;;;;;;;;;;;;;;;;;;;;;;;;;;;;
132;d151;;;;;;;;;;;;;;;;;;;;;;;;;;;;;;;;;;;;;;;;;;;;;;;;;;;;;;;;;;;;;;;;;;;;;;;;;;;;;;;;;;;;;;;;
133;;;;;;;;;;;;;;;;;;;;;;;;;;d152;;;;;;;;;;;;;;;;;;;;;;;;;;;;;;;;;;;;;;;;;;;;;;;;;;;;;;;;;;;;;;;
134;;d143;;;;;;;d114;;;;;;;;;;;;;;;;;;;;;;;;;;d110;d111;d115;d116;d117;d118;d119;d120;d121;;;;;;;;;;;;;;;;;;;;;;;;;;;;;;;;;;;;;;;153;105;106;107;108;109;112;113
135;;d143;;;;;;;d114;;;;;;;;;;;;;;;;;;;;;;;;;;d110;d111;d115;d116;d117;d118;d119;d120;d121;;;;;;;;;;;;;;;;;;;;;;;;;;;;;;;;;;;;;;;;154;106;107;108;109;112;113
136;;d143;;;;;;;d114;;;;;;;;;;;;;;;;;;;;;;;;;;d110;d111;d115;d116;d117;d118;d119;d120;d121;;;;;;;;;;;;;;;;;;;;;;;;;;;;;;;;;;;;;;;;;155;107;108;109;112;113
137;;d143;;;;;;;d114;;;;;;;;;;;;;;;;;;;;;;;;;;d110;d111;d115;d116;d117;d118;d119;d120;d121;;;;;;;;;;;;;;;;;;;;;;;;;;;;;;;;;;;;;;;;;;156;108;109;112;113
138;;d143;;;;;;;d114;;;;;;;;;;;;;;;;;;;;;;;;;;d110;d111;d115;d116;d117;d118;d119;d120;d121;;;;;;;;;;;;;;;;;;;;;;;;;;;;;;;;;;;;;;;;;;157;108;109;112;113
139;;d143;;;;;;;d114;;;;;;;;;;;;;;;;;;;;;;;;;;d110;d111;d115;d116;d117;d118;d119;d120;d121;;;;;;;;;;;;;;;;;;;;;;;;;;;;;;;;;;;;;;;;;;;158;109;112;113
140;;d143;;;;;;;d114;;;;;;;;;;;;;;;;;;;;;;;;;;d110;d111;d115;d116;d117;d118;d119;d120;d121;;;;;;;;;;;;;;;;;;;;;;;;;;;;;;;;;;;;;;;;;;;;159;112;113
141;;d143;;;;;;;d114;;;;;;;;;;;;;;;;;;;;;;;;;;d110;d111;d115;d116;d117;d118;d119;d120;d121;;;;;;;;;;;;;;;;;;;;;;;;;;;;;;;;;;;;;;;;;;;;160;112;113
142;r86;r86;;;;;;;r86;r86;;r86;;r86;r86;;;r86;r86;r86;r86;r86;r86;r86;d145;;;r86;r86;r86;r86;r86;r86;r86;r86;r86;r86;r86;r86;r86;r86;r86;r86;;;;;;;;;;;;;;;;;;;;;;;;;;;;;;;;;;;;;;;;;;;;;;
143;r94;r94;;;;;;;r94;r94;;r94;;r94;r94;;;r94;r94;r94;r94;r94;r94;r94;r94;;;r94;r94;r94;r94;r94;r94;r94;r94;r94;r94;r94;r94;r94;r94;r94;r94;;;;;;;;;;;;;;;;;;;;;;;;;;;;;;;;;;;;;;;;;;;;;;
144;r87;r87;;;;;;;r87;r87;;r87;;r87;r87;;;r87;r87;r87;r87;r87;r87;r87;d145;;;r87;r87;r87;r87;r87;r87;r87;r87;r87;r87;r87;r87;r87;r87;r87;r87;;;;;;;;;;;;;;;;;;;;;;;;;;;;;;;;;;;;;;;;;;;;;;
145;;d161;;;;;;;;;;;;;;;;;;;;;;;;;;;;;;;;;;;;;;;;;;;;;;;;;;;;;;;;;;;;;;;;;;;;;;;;;;;;;;;;;;;;;;;
146;;;;;;;;;;d162;;;;;;;;;;;;;;;;;;;;;;;;;;;;;;;;;;;;;;;;;;;;;;;;;;;;;;;;;;;;;;;;;;;;;;;;;;;;;;;
147;;d163;;;;;;;;;;;;;;;;;;;;;;;;;;;;;;;;;;;;;;;;;;;;;;;;;;;;;;;;;;;;;;;;;;;;;;;;;;;;;;;;;;;;;;;
148;;;;;;;;;;d164;;;;;;;;;;;;;;;;;;;;;;;;;;;;;;;;;;;;;;;;;;;;;;;;;;;;;;;;;;;;;;;;;;;;;;;;;;;;;;;
149;;;;;;;;;;d165;;;;;;;;;;;;;;;;;;;;;;;;;;;;;;;;;;;;;;;;;;;;;;;;;;;;;;;;;;;;;;;;;;;;;;;;;;;;;;;
150;d166;;;;;;;;;;;;;;;;;;;;;;;;;;;;;;;;;;;;;;;;;;;;;;;;;;;;;;;;;;;;;;;;;;;;;;;;;;;;;;;;;;;;;;;;
151;r67;r67;;;;;;;r67;;;;;r67;r67;;;r67;r67;r67;r67;r67;r67;r67;;;;;;;;;;;r67;r67;r67;r67;r67;r67;r67;r67;r67;;;;;;;;;;;;;;;;;;;;;;;;;;;;;;;;;;;;;;;;;;;;;;
152;;;;;;;;;d167;;;;;;;;;;;;;;;;;;;;;;;;;;;;;;;;;;;;;;;;;;;;;;;;;;;;;;;;;;;;;;;;;;;;;;;;;;;;;;;;
153;r72;r72;;;;;;;r72;r72;;r72;;r72;r72;;;r72;r72;r72;r72;r72;r72;r72;;;;d135;;;;;;;r72;r72;r72;r72;r72;r72;r72;r72;r72;;;;;;;;;;;;;;;;;;;;;;;;;;;;;;;;;;;;;;;;;;;;;;
154;r74;r74;;;;;;;r74;r74;;r74;;r74;r74;;;r74;r74;r74;r74;r74;r74;r74;;;;r74;d136;;;;;;r74;r74;r74;r74;r74;r74;r74;r74;r74;;;;;;;;;;;;;;;;;;;;;;;;;;;;;;;;;;;;;;;;;;;;;;
155;r76;r76;;;;;;;r76;r76;;r76;;r76;r76;;;r76;r76;r76;r76;r76;r76;r76;;;;r76;r76;d137;d138;;;;r76;r76;r76;r76;r76;r76;r76;r76;r76;;;;;;;;;;;;;;;;;;;;;;;;;;;;;;;;;;;;;;;;;;;;;;
156;r78;r78;;;;;;;r78;r78;;r78;;r78;r78;;;r78;r78;r78;r78;r78;r78;r78;;;;r78;r78;r78;r78;d139;;;r78;r78;r78;r78;r78;r78;r78;r78;r78;;;;;;;;;;;;;;;;;;;;;;;;;;;;;;;;;;;;;;;;;;;;;;
157;r79;r79;;;;;;;r79;r79;;r79;;r79;r79;;;r79;r79;r79;r79;r79;r79;r79;;;;r79;r79;r79;r79;d139;;;r79;r79;r79;r79;r79;r79;r79;r79;r79;;;;;;;;;;;;;;;;;;;;;;;;;;;;;;;;;;;;;;;;;;;;;;
158;r81;r81;;;;;;;r81;r81;;r81;;r81;r81;;;r81;r81;r81;r81;r81;r81;r81;;;;r81;r81;r81;r81;r81;d140;d141;r81;r81;r81;r81;r81;r81;r81;r81;r81;;;;;;;;;;;;;;;;;;;;;;;;;;;;;;;;;;;;;;;;;;;;;;
159;r83;r83;;;;;;;r83;r83;;r83;;r83;r83;;;r83;r83;r83;r83;r83;r83;r83;;;;r83;r83;r83;r83;r83;r83;r83;r83;r83;r83;r83;r83;r83;r83;r83;r83;;;;;;;;;;;;;;;;;;;;;;;;;;;;;;;;;;;;;;;;;;;;;;
160;r84;r84;;;;;;;r84;r84;;r84;;r84;r84;;;r84;r84;r84;r84;r84;r84;r84;;;;r84;r84;r84;r84;r84;r84;r84;r84;r84;r84;r84;r84;r84;r84;r84;r84;;;;;;;;;;;;;;;;;;;;;;;;;;;;;;;;;;;;;;;;;;;;;;
161;r90;r90;;;;;;;r90;r90;;r90;;r90;r90;;;r90;r90;r90;r90;r90;r90;r90;r90;;d168;r90;r90;r90;r90;r90;r90;r90;r90;r90;r90;r90;r90;r90;r90;r90;r90;;;;;;;;;;;;;;;;;;;;;;;;;;;;;;;;;;;;;;;;;;;;;;
162;r92;r92;;;;;;;r92;r92;;r92;;r92;r92;;;r92;r92;r92;r92;r92;r92;r92;r92;;;r92;r92;r92;r92;r92;r92;r92;r92;r92;r92;r92;r92;r92;r92;r92;r92;;;;;;;;;;;;;;;;;;;;;;;;;;;;;;;;;;;;;;;;;;;;;;
163;;;;;;;;;;d169;;;;;;;;;;;;;;;;;;;;;;;;;;;;;;;;;;;;;;;;;;;;;;;;;;;;;;;;;;;;;;;;;;;;;;;;;;;;;;;
164;r61;d103;;;;;;;d114;;;;;d68;;;;d96;;d97;d99;d101;d100;d102;;;;;;;;;;;d110;d111;d115;d116;d117;d118;d119;d120;d121;;;;;;;;;;;;;;;;;;;;;;;;95;;;;170;90;88;;89;91;93;92;94;;98;104;105;106;107;108;109;112;113
165;r61;d103;;;;;;;d114;;;;;d68;;;;d96;;d97;d99;d101;d100;d102;;;;;;;;;;;d110;d111;d115;d116;d117;d118;d119;d120;d121;;;;;;;;;;;;;;;;;;;;;;;;95;;;;171;90;88;;89;91;93;92;94;;98;104;105;106;107;108;109;112;113
166;;d103;;;;;;;d114;;;;;;;;;;;;;;;;;;;;;;;;;;d110;d111;d115;d116;d117;d118;d119;d120;d121;;;;;;;;;;;;;;;;;;;;;;;;;;;;;;;;;;;;;;172;104;105;106;107;108;109;112;113
167;;d103;;;;;;;d114;;;;;;;;;;;;;;;;;;;;;;;;;;d110;d111;d115;d116;d117;d118;d119;d120;d121;;;;;;;;;;;;;;;;;;;;;;;;;;;;;;;;;;;;;;173;104;105;106;107;108;109;112;113
168;;d143;;;;;;;d114;;;;;;;;;;;;;;;;;;;;;;;;;;;;d115;d116;d117;d118;d119;d120;d121;;;;;;;;;;;;;;;;;;;;;;;;;;;;;;;;;;;;;;;;;;;;;;174
169;r95;r95;;;;;;;r95;r95;;r95;;r95;r95;;;r95;r95;r95;r95;r95;r95;r95;r95;;;r95;r95;r95;r95;r95;r95;r95;r95;r95;r95;r95;r95;r95;r95;r95;r95;;;;;;;;;;;;;;;;;;;;;;;;;;;;;;;;;;;;;;;;;;;;;;
170;r64;r64;;;;;;;r64;;;;;r64;r64;;;r64;d176 / r64;r64;r64;r64;r64;r64;;;;;;;;;;;r64;r64;r64;r64;r64;r64;r64;r64;r64;;;;;;;;;;;;;;;;;;;;;;;;;;;;;;;175;;;;;;;;;;;;;;;
171;r65;r65;;;;;;;r65;;;;;r65;r65;;;r65;r65;r65;r65;r65;r65;r65;;;;;;;;;;;r65;r65;r65;r65;r65;r65;r65;r65;r65;;;;;;;;;;;;;;;;;;;;;;;;;;;;;;;;;;;;;;;;;;;;;;
172;d177;;;;;;;;;;;;;;;;;;;;;;;;;;;;;;;;;;;;;;;;;;;;;;;;;;;;;;;;;;;;;;;;;;;;;;;;;;;;;;;;;;;;;;;;
173;;;;;;;;;;r71;;d179;;;;;;;;;;;;;;;;;;;;;;;;;;;;;;;;;;;;;;;;;;;;;;;;;;;;;;;;;;;;;;;;;;;;178;;;;;;;;;
174;r89;r89;;;;;;;r89;r89;;r89;;r89;r89;;;r89;r89;r89;r89;r89;r89;r89;r89;;;r89;r89;r89;r89;r89;r89;r89;r89;r89;r89;r89;r89;r89;r89;r89;r89;;;;;;;;;;;;;;;;;;;;;;;;;;;;;;;;;;;;;;;;;;;;;;
175;r62;r62;;;;;;;r62;;;;;r62;r62;;;r62;r62;r62;r62;r62;r62;r62;;;;;;;;;;;r62;r62;r62;r62;r62;r62;r62;r62;r62;;;;;;;;;;;;;;;;;;;;;;;;;;;;;;;;;;;;;;;;;;;;;;
176;r61;d103;;;;;;;d114;;;;;d68;;;;d96;;d97;d99;d101;d100;d102;;;;;;;;;;;d110;d111;d115;d116;d117;d118;d119;d120;d121;;;;;;;;;;;;;;;;;;;;;;;;95;;;;180;90;88;;89;91;93;92;94;;98;104;105;106;107;108;109;112;113
177;;d103;;;;;;;d114;;;;;;;;;;;;;;;;;;;;;;;;;;d110;d111;d115;d116;d117;d118;d119;d120;d121;;;;;;;;;;;;;;;;;;;;;;;;;;;;;;;;;;;;;;181;104;105;106;107;108;109;112;113
178;;;;;;;;;;d182;;;;;;;;;;;;;;;;;;;;;;;;;;;;;;;;;;;;;;;;;;;;;;;;;;;;;;;;;;;;;;;;;;;;;;;;;;;;;;;
179;;d103;;;;;;;d114;;;;;;;;;;;;;;;;;;;;;;;;;;d110;d111;d115;d116;d117;d118;d119;d120;d121;;;;;;;;;;;;;;;;;;;;;;;;;;;;;;;;;;;;;;183;104;105;106;107;108;109;112;113
180;r63;r63;;;;;;;r63;;;;;r63;r63;;;r63;r63;r63;r63;r63;r63;r63;;;;;;;;;;;r63;r63;r63;r63;r63;r63;r63;r63;r63;;;;;;;;;;;;;;;;;;;;;;;;;;;;;;;;;;;;;;;;;;;;;;
181;;;;;;;;;;d184;;;;;;;;;;;;;;;;;;;;;;;;;;;;;;;;;;;;;;;;;;;;;;;;;;;;;;;;;;;;;;;;;;;;;;;;;;;;;;;
182;d185;;;;;;;;;;;;;;;;;;;;;;;;;;;;;;;;;;;;;;;;;;;;;;;;;;;;;;;;;;;;;;;;;;;;;;;;;;;;;;;;;;;;;;;;
183;;;;;;;;;;r71;;d179;;;;;;;;;;;;;;;;;;;;;;;;;;;;;;;;;;;;;;;;;;;;;;;;;;;;;;;;;;;;;;;;;;;;186;;;;;;;;;
184;r61;d103;;;;;;;d114;;;;;d68;;;;d96;;d97;d99;d101;d100;d102;;;;;;;;;;;d110;d111;d115;d116;d117;d118;d119;d120;d121;;;;;;;;;;;;;;;;;;;;;;;;95;;;;187;90;88;;89;91;93;92;94;;98;104;105;106;107;108;109;112;113
185;r69;r69;;;;;;;r69;;;;;r69;r69;;;r69;r69;r69;r69;r69;r69;r69;;;;;;;;;;;r69;r69;r69;r69;r69;r69;r69;r69;r69;;;;;;;;;;;;;;;;;;;;;;;;;;;;;;;;;;;;;;;;;;;;;;
186;;;;;;;;;;r70;;;;;;;;;;;;;;;;;;;;;;;;;;;;;;;;;;;;;;;;;;;;;;;;;;;;;;;;;;;;;;;;;;;;;;;;;;;;;;;
187;r66;r66;;;;;;;r66;;;;;r66;r66;;;r66;r66;r66;r66;r66;r66;r66;;;;;;;;;;;r66;r66;r66;r66;r66;r66;r66;r66;r66;;;;;;;;;;;;;;;;;;;;;;;;;;;;;;;;;;;;;;;;;;;;;;
